# type	name	version	purl	license	path	sha256	source
library	ExecuTorch Android (Slide patch)	1.2.0-slide.1	pkg:generic/com.slide/executorch-android-patched@1.2.0-slide.1	BSD-3-Clause	third_party/executorch/executorch-android-1.2.0-slide.aar	9752979140e20abb2f7ec24d6ec85ff2b5614c4b4ab916da68d1b71e501bca8e	https://repo1.maven.org/maven2/org/pytorch/executorch-android/1.2.0/executorch-android-1.2.0.aar
library	whisper.cpp (Slide provenance patch)	592feef04a1802b18cbeffd0fd0eb5d02570c2ec-slide.1	pkg:generic/com.slide/whisper.cpp-patched@592feef04a1802b18cbeffd0fd0eb5d02570c2ec-slide.1	MIT	third_party/whisper.cpp	5866ee7b41356413d44a1ac12da0f32ae18145d53582f36fd5961fcdb4b2c4d1	https://github.com/ggerganov/whisper.cpp/tree/592feef04a1802b18cbeffd0fd0eb5d02570c2ec
machine-learning-model	Whisper small.en q5_1	5359861c739e955e79d9a303bcbc70fb988958b1	pkg:generic/whisper-small.en-q5_1@5359861c739e955e79d9a303bcbc70fb988958b1	MIT	asr/src/main/assets/ggml-small.en-q5_1.bin	bfdff4894dcb76bbf647d56263ea2a96645423f1669176f4844a1bf8e478ad30	https://huggingface.co/ggerganov/whisper.cpp/tree/5359861c739e955e79d9a303bcbc70fb988958b1
machine-learning-model	FUTO Swipe encoder	18328c3042b066952c0936b3771d492fe2ec289a	pkg:generic/futo-swipe-encoder@18328c3042b066952c0936b3771d492fe2ec289a	FUTO Model Weights License 1.0	engine/src/main/assets/swipe/encoder.pte	725242bab5d14345e96ff214e8de2bfbc1f962c232d320df9c24cb82ffd1fbaf	https://huggingface.co/futo-org/futo-swipe/tree/18328c3042b066952c0936b3771d492fe2ec289a
machine-learning-model	FUTO Swipe decoder	18328c3042b066952c0936b3771d492fe2ec289a	pkg:generic/futo-swipe-decoder@18328c3042b066952c0936b3771d492fe2ec289a	FUTO Model Weights License 1.0	engine/src/main/assets/swipe/decoder.pte	01eaf16ac4bc0f1ed0698c240807f0e95e6d427bcf6de04983ffc50736744d85	https://huggingface.co/futo-org/futo-swipe/tree/18328c3042b066952c0936b3771d492fe2ec289a
data	Slide emoji catalogue	unicode-17.0-cldr-f67d16c	pkg:generic/slide-emoji-catalogue@unicode-17.0-cldr-f67d16c	Unicode-3.0	core/src/main/assets/emoji.bin	543a5883b9dfb0521bf8440f72fe000e37ae43de1ff6c70432ae9e02b646188f	https://www.unicode.org/Public/17.0.0/emoji/emoji-test.txt
data	Slide English lexicon	latinime-c692b122	pkg:generic/slide-english-lexicon@latinime-c692b122	Apache-2.0	engine/src/main/assets/lexicon_en.bin	9dac9defeb43453fb98a14b5ffa1e54aa112a4b3c6a1a5959090f79cc3d96e26	https://raw.githubusercontent.com/LineageOS/android_packages_inputmethods_LatinIME/c692b1224009953fb4677c99ad498e13bad6c85f/dictionaries/en_wordlist.combined.gz
data	Slide English bigram model	tatoeba-eng-2026-08-08	pkg:generic/slide-english-bigrams@tatoeba-eng-2026-08-08	CC-BY-2.0-FR	engine/src/main/assets/bigrams_en.bin	7e07306e153a0e4a1429e6fc8d0aa3c1be6f0bf20b78459d2c69deb80d8c37f3	https://downloads.tatoeba.org/exports/per_language/eng/eng_sentences.tsv.bz2
data	Slide English trigram model	tatoeba-eng-2026-08-08	pkg:generic/slide-english-trigrams@tatoeba-eng-2026-08-08	CC-BY-2.0-FR	engine/src/main/assets/trigrams_en.bin	dd85903183a89ddd957978636e5366e1e11e2aed14ef5d8c9b13abea48dcb3e1	https://downloads.tatoeba.org/exports/per_language/eng/eng_sentences.tsv.bz2
